{
  "color": {
    "gradient": {
      "primary": "linear-gradient(135deg, #667eea 0%, #764ba2 100%)",
      "secondary": "linear-gradient(135deg, #f093fb 0%, #f5576c 100%)",
      "accent": "linear-gradient(135deg, #4facfe 0%, #00f2fe 100%)"
    },
    "semantic": {
      "success": "#059669",
      "danger": "#dc2626",
      "warning": "#f59e0b",
      "info": "#3b82f6"
    },
    "gray": { "50":"#f9fafb", "100":"#f3f4f6", "500":"#6b7280", "900":"#111827" },
    "platform": {
      "amazon": "#ff9900",
      "tiktok": "#ff0050",
      "aliexpress": "#ff6a00",
      "temu": "#00c853",
      "ozon": "#005bff",
      "independent": "#6366f1"
    }
  },
  "typography": {
    "sizes": { "xs":12, "sm":14, "base":16, "lg":18, "xl":20, "2xl":24 },
    "weight": { "medium":500, "semibold":600, "bold":700 },
    "family": { "heading":"Inter, ui-sans-serif, system-ui", "body":"Inter, ui-sans-serif, system-ui" }
  },
  "spacing": { "1":4, "2":8, "3":12, "4":16, "6":24, "8":32 },
  "radius": { "lg":8, "full":9999 },
  "layout": {
    "sidebarWidth": 256,
    "headerHeight": 64,
    "breakpoints": { "sm":640, "md":768, "lg":1024, "xl":1280 }
  },
  "charts": {
    "colors": {
      "primary":"rgb(59,130,246)",
      "secondary":"rgb(156,163,175)",
      "success":"rgb(16,185,129)",
      "danger":"rgb(239,68,68)",
      "warning":"rgb(245,158,11)",
      "purple":"rgb(147,51,234)"
    },
    "legendFont": 10,
    "axisFont": 10
  }
}